datetime,n
Fri Dec 04 2020 15:03:43 GMT-0500 (Eastern Standard Time),373
Fri Dec 04 2020 21:10:05 GMT-0500 (Eastern Standard Time),4
Fri Dec 04 2020 22:05:45 GMT-0500 (Eastern Standard Time),373
Fri Jan 15 2021 15:32:13 GMT-0500 (GMT-05:00),373
Fri Nov 13 2020 12:41:02 GMT-0500 (heure normale de l’Est nord-américain),373
Mon Dec 07 2020 15:33:49 GMT-0500 (Eastern Standard Time),373
Mon Dec 07 2020 17:18:11 GMT-0500 (Eastern Standard Time),373
Mon Dec 07 2020 17:49:46 GMT-0500 (Eastern Standard Time),1
Mon Dec 07 2020 18:17:48 GMT-0500 (GMT-05:00),373
Mon Dec 07 2020 20:22:56 GMT-0500 (Eastern Standard Time),373
Mon Dec 07 2020 20:44:14 GMT-0500 (Eastern Standard Time),330
Mon Jan 25 2021 15:53:20 GMT-0500 (Eastern Standard Time),373
Mon Nov 02 2020 07:56:09 GMT-0500 (Eastern Standard Time),373
Mon Nov 23 2020 07:58:45 GMT-0500 (Eastern Standard Time),373
Mon Nov 23 2020 09:22:00 GMT-0500 (Eastern Standard Time),373
Sun Dec 06 2020 21:59:09 GMT-0500 (Eastern Standard Time),373
Sun Jan 24 2021 20:06:37 GMT-0500 (Eastern Standard Time),373
Sun Nov 22 2020 14:21:21 GMT-0500 (Eastern Standard Time),303
Thu Jan 28 2021 07:20:07 GMT-0500 (GMT-05:00),373
Thu Nov 19 2020 19:37:34 GMT-0500 (Eastern Standard Time),373
Thu Nov 26 2020 10:45:46 GMT+0100 (Central European Standard Time),373
Tue Jan 19 2021 18:07:32 GMT-0500 (Eastern Standard Time),373
Tue Nov 10 2020 15:25:29 GMT-0500 (GMT-05:00),373
Wed Dec 09 2020 00:40:17 GMT-0500 (GMT-05:00),373
Wed Jan 13 2021 13:56:09 GMT-0500 (GMT-05:00),373
Wed Jan 20 2021 21:48:57 GMT-0500 (Eastern Standard Time),373
Wed Oct 21 2020 19:15:49 GMT-0400 (Eastern Daylight Time),373
